https://maeshima-ami.jp/photos/302871/download,wallpaper_vol.49_1920x1200.jpg
https://maeshima-ami.jp/photos/302870/download,wallpaper_vol.49_1600x1200.jpg
https://maeshima-ami.jp/photos/302869/download,wallpaper_vol.49_Smartphone.jpg
https://maeshima-ami.jp/photos/302866/download,wallpaper_vol.48_1920x1200.jpg
https://maeshima-ami.jp/photos/302867/download,wallpaper_vol.48_1600x1200.jpg
https://maeshima-ami.jp/photos/302868/download,wallpaper_vol.48_Smartphone.jpg
https://maeshima-ami.jp/photos/302863/download,wallpaper_vol.47_1920x1200.jpg
https://maeshima-ami.jp/photos/302864/download,wallpaper_vol.47_1600x1200.jpg
https://maeshima-ami.jp/photos/302865/download,wallpaper_vol.47_Smartphone.jpg
https://maeshima-ami.jp/photos/302860/download,wallpaper_vol.46_1920x1200.jpg
https://maeshima-ami.jp/photos/302861/download,wallpaper_vol.46_1600x1200.jpg
https://maeshima-ami.jp/photos/302862/download,wallpaper_vol.46_Smartphone.jpg
https://maeshima-ami.jp/photos/302855/download,wallpaper_vol.45_1920x1200.jpg
https://maeshima-ami.jp/photos/302856/download,wallpaper_vol.45_1600x1200.jpg
https://maeshima-ami.jp/photos/302857/download,wallpaper_vol.45_Smartphone.jpg
https://maeshima-ami.jp/photos/302852/download,wallpaper_vol.44_1920x1200.jpg
https://maeshima-ami.jp/photos/302853/download,wallpaper_vol.44_1600x1200.jpg
https://maeshima-ami.jp/photos/302854/download,wallpaper_vol.44_Smartphone.jpg
https://maeshima-ami.jp/photos/302849/download,wallpaper_vol.43_1920x1200.jpg
https://maeshima-ami.jp/photos/302850/download,wallpaper_vol.43_1600x1200.jpg
https://maeshima-ami.jp/photos/302851/download,wallpaper_vol.43_Smartphone.jpg
https://maeshima-ami.jp/photos/302846/download,wallpaper_vol.42_1920x1200.jpg
https://maeshima-ami.jp/photos/302847/download,wallpaper_vol.42_1600x1200.jpg
https://maeshima-ami.jp/photos/302848/download,wallpaper_vol.42_Smartphone.jpg
https://maeshima-ami.jp/photos/302843/download,wallpaper_vol.41_1920x1200.jpg
https://maeshima-ami.jp/photos/302844/download,wallpaper_vol.41_1600x1200.jpg
https://maeshima-ami.jp/photos/302845/download,wallpaper_vol.41_Smartphone.jpg
https://maeshima-ami.jp/photos/302840/download,wallpaper_vol.40_1920x1200.jpg
https://maeshima-ami.jp/photos/302841/download,wallpaper_vol.40_1600x1200.jpg
https://maeshima-ami.jp/photos/302842/download,wallpaper_vol.40_Smartphone.jpg
https://maeshima-ami.jp/photos/297510/download,wallpaper_vol.39_1920x1200.jpg
https://maeshima-ami.jp/photos/297511/download,wallpaper_vol.39_1600x1200.jpg
https://maeshima-ami.jp/photos/297512/download,wallpaper_vol.39_Smartphone.jpg
https://maeshima-ami.jp/photos/297507/download,wallpaper_vol.38_1920x1200.jpg
https://maeshima-ami.jp/photos/297508/download,wallpaper_vol.38_1600x1200.jpg
https://maeshima-ami.jp/photos/297509/download,wallpaper_vol.38_Smartphone.jpg
https://maeshima-ami.jp/photos/277060/download,wallpaper_vol.37_1920x1200.jpg
https://maeshima-ami.jp/photos/277061/download,wallpaper_vol.37_1600x1200.jpg
https://maeshima-ami.jp/photos/277062/download,wallpaper_vol.37_Smartphone.jpg
https://maeshima-ami.jp/photos/273699/download,wallpaper_vol.36_1920x1200.jpg
https://maeshima-ami.jp/photos/273700/download,wallpaper_vol.36_1600x1200.jpg
https://maeshima-ami.jp/photos/273701/download,wallpaper_vol.36_Smartphone.jpg
https://maeshima-ami.jp/photos/273696/download,wallpaper_vol.35_1920x1200.jpg
https://maeshima-ami.jp/photos/273697/download,wallpaper_vol.35_1600x1200.jpg
https://maeshima-ami.jp/photos/273698/download,wallpaper_vol.35_Smartphone.jpg
https://maeshima-ami.jp/photos/273693/download,wallpaper_vol.34_1920x1200.jpg
https://maeshima-ami.jp/photos/273694/download,wallpaper_vol.34_1600x1200.jpg
https://maeshima-ami.jp/photos/273695/download,wallpaper_vol.34_Smartphone.jpg
https://maeshima-ami.jp/photos/258563/download,wallpaper_vol.33_1920x1200.jpg
https://maeshima-ami.jp/photos/258564/download,wallpaper_vol.33_1600x1200.jpg
https://maeshima-ami.jp/photos/258565/download,wallpaper_vol.33_Smartphone.jpg
https://maeshima-ami.jp/photos/258560/download,wallpaper_vol.32_1920x1200.jpg
https://maeshima-ami.jp/photos/258561/download,wallpaper_vol.32_1600x1200.jpg
https://maeshima-ami.jp/photos/258562/download,wallpaper_vol.32_Smartphone.jpg
https://maeshima-ami.jp/photos/247407/download,wallpaper_vol.31_1920x1200.jpg
https://maeshima-ami.jp/photos/247408/download,wallpaper_vol.31_1600x1200.jpg
https://maeshima-ami.jp/photos/247409/download,wallpaper_vol.31_Smartphone.jpg
https://maeshima-ami.jp/photos/247405/download,wallpaper_vol.30_1920x1200.jpg
https://maeshima-ami.jp/photos/247404/download,wallpaper_vol.30_1600x1200.jpg
https://maeshima-ami.jp/photos/247406/download,wallpaper_vol.30_Smartphone.jpg
https://maeshima-ami.jp/photos/221810/download,wallpaper_vol.29_1920x1200.jpg
https://maeshima-ami.jp/photos/221811/download,wallpaper_vol.29_1600x1200.jpg
https://maeshima-ami.jp/photos/221812/download,wallpaper_vol.29_Smartphone.jpg
https://maeshima-ami.jp/photos/221807/download,wallpaper_vol.28_1920x1200.jpg
https://maeshima-ami.jp/photos/221808/download,wallpaper_vol.28_1600x1200.jpg
https://maeshima-ami.jp/photos/221809/download,wallpaper_vol.28_Smartphone.jpg
https://maeshima-ami.jp/photos/202331/download,wallpaper_vol.27_1920x1200.jpg
https://maeshima-ami.jp/photos/202330/download,wallpaper_vol.27_1600x1200.jpg
https://maeshima-ami.jp/photos/202329/download,wallpaper_vol.27_Smartphone.jpg
https://maeshima-ami.jp/photos/202326/download,wallpaper_vol.26_1920x1200.jpg
https://maeshima-ami.jp/photos/202327/download,wallpaper_vol.26_1600x1200.jpg
https://maeshima-ami.jp/photos/202328/download,wallpaper_vol.26_Smartphone.jpg
https://maeshima-ami.jp/photos/166277/download,wallpaper_vol.25_1920x1200.jpg
https://maeshima-ami.jp/photos/166278/download,wallpaper_vol.25_1600x1200.jpg
https://maeshima-ami.jp/photos/166279/download,wallpaper_vol.25_Smartphone.jpg
https://maeshima-ami.jp/photos/166274/download,wallpaper_vol.24_1920x1200.jpg
https://maeshima-ami.jp/photos/166275/download,wallpaper_vol.24_1600x1200.jpg
https://maeshima-ami.jp/photos/166276/download,wallpaper_vol.24_Smartphone.jpg
https://maeshima-ami.jp/photos/162363/download,wallpaper_vol.23_1920x1200.jpg
https://maeshima-ami.jp/photos/162364/download,wallpaper_vol.23_1600x1200.jpg
https://maeshima-ami.jp/photos/162365/download,wallpaper_vol.23_Smartphone.jpg
https://maeshima-ami.jp/photos/162360/download,wallpaper_vol.22_1920x1200.jpg
https://maeshima-ami.jp/photos/162361/download,wallpaper_vol.22_1600x1200.jpg
https://maeshima-ami.jp/photos/162362/download,wallpaper_vol.22_Smartphone.jpg
https://maeshima-ami.jp/photos/157211/download,wallpaper_vol.21_1920x1200.jpg
https://maeshima-ami.jp/photos/157212/download,wallpaper_vol.21_1600x1200.jpg
https://maeshima-ami.jp/photos/157213/download,wallpaper_vol.21_Smartphone.jpg
https://maeshima-ami.jp/photos/157208/download,wallpaper_vol.20_1920x1200.jpg
https://maeshima-ami.jp/photos/157209/download,wallpaper_vol.20_1600x1200.jpg
https://maeshima-ami.jp/photos/157210/download,wallpaper_vol.20_Smartphone.jpg
https://maeshima-ami.jp/photos/149847/download,wallpaper_vol.19_1920x1200.jpg
https://maeshima-ami.jp/photos/149848/download,wallpaper_vol.19_1600x1200.jpg
https://maeshima-ami.jp/photos/149849/download,wallpaper_vol.19_Smartphone.jpg
https://maeshima-ami.jp/photos/149844/download,wallpaper_vol.18_1920x1200.jpg
https://maeshima-ami.jp/photos/149845/download,wallpaper_vol.18_1600x1200.jpg
https://maeshima-ami.jp/photos/149846/download,wallpaper_vol.18_Smartphone.jpg
https://maeshima-ami.jp/photos/145788/download,wallpaper_vol.17_1920x1200.jpg
https://maeshima-ami.jp/photos/145789/download,wallpaper_vol.17_1600x1200.jpg
https://maeshima-ami.jp/photos/145790/download,wallpaper_vol.17_Smartphone.jpg
https://maeshima-ami.jp/photos/145785/download,wallpaper_vol.16_1920x1200.jpg
https://maeshima-ami.jp/photos/145786/download,wallpaper_vol.16_1600x1200.jpg
https://maeshima-ami.jp/photos/145787/download,wallpaper_vol.16_Smartphone.jpg
https://maeshima-ami.jp/photos/131744/download,wallpaper_vol.15_1920x1200.jpg
https://maeshima-ami.jp/photos/131745/download,wallpaper_vol.15_1600x1200.jpg
https://maeshima-ami.jp/photos/131746/download,wallpaper_vol.15_Smartphone.jpg
https://maeshima-ami.jp/photos/131741/download,wallpaper_vol.14_1920x1200.jpg
https://maeshima-ami.jp/photos/131742/download,wallpaper_vol.14_1600x1200.jpg
https://maeshima-ami.jp/photos/131743/download,wallpaper_vol.14_Smartphone.jpg
https://maeshima-ami.jp/photos/123408/download,wallpaper_vol.13_1920x1200.jpg
https://maeshima-ami.jp/photos/123409/download,wallpaper_vol.13_1600x1200.jpg
https://maeshima-ami.jp/photos/123410/download,wallpaper_vol.13_Smartphone.jpg
https://maeshima-ami.jp/photos/123406/download,wallpaper_vol.12_1920x1200.jpg
https://maeshima-ami.jp/photos/123407/download,wallpaper_vol.12_1600x1200.jpg
https://maeshima-ami.jp/photos/123405/download,wallpaper_vol.12_Smartphone.jpg
https://maeshima-ami.jp/photos/115059/download,wallpaper_vol.11_1920x1200.jpg
https://maeshima-ami.jp/photos/115060/download,wallpaper_vol.11_1600x1200.jpg
https://maeshima-ami.jp/photos/115061/download,wallpaper_vol.11_Smartphone.jpg
https://maeshima-ami.jp/photos/115057/download,wallpaper_vol.10_1920x1200.jpg
https://maeshima-ami.jp/photos/115056/download,wallpaper_vol.10_1600x1200.jpg
https://maeshima-ami.jp/photos/115058/download,wallpaper_vol.10_Smartphone.jpg
https://maeshima-ami.jp/photos/108764/download,wallpaper_vol.9_1920x1200.jpg
https://maeshima-ami.jp/photos/108765/download,wallpaper_vol.9_1600x1200.jpg
https://maeshima-ami.jp/photos/108766/download,wallpaper_vol.9_Smartphone.jpg
https://maeshima-ami.jp/photos/108763/download,wallpaper_vol.8_1920x1200.jpg
https://maeshima-ami.jp/photos/108762/download,wallpaper_vol.8_1600x1200.jpg
https://maeshima-ami.jp/photos/108761/download,wallpaper_vol.8_Smartphone.jpg
https://maeshima-ami.jp/photos/101731/download,wallpaper_vol.7_1920x1200.jpg
https://maeshima-ami.jp/photos/101732/download,wallpaper_vol.7_1600x1200.jpg
https://maeshima-ami.jp/photos/101733/download,wallpaper_vol.7_Smartphone.jpg
https://maeshima-ami.jp/photos/101729/download,wallpaper_vol.6_1920x1200.jpg
https://maeshima-ami.jp/photos/101730/download,wallpaper_vol.6_1600x1200.jpg
https://maeshima-ami.jp/photos/101728/download,wallpaper_vol.6_Smartphone.jpg
https://maeshima-ami.jp/photos/97410/download,wallpaper_vol.5_1920x1200.jpg
https://maeshima-ami.jp/photos/97411/download,wallpaper_vol.5_1600x1200.jpg
https://maeshima-ami.jp/photos/97412/download,wallpaper_vol.5_Smartphone.jpg
https://maeshima-ami.jp/photos/97407/download,wallpaper_vol.4_1920x1200.jpg
https://maeshima-ami.jp/photos/97408/download,wallpaper_vol.4_1600x1200.jpg
https://maeshima-ami.jp/photos/97409/download,wallpaper_vol.4_Smartphone.jpg
https://maeshima-ami.jp/photos/93673/download,wallpaper_vol.3_1920x1200.jpg
https://maeshima-ami.jp/photos/93672/download,wallpaper_vol.3_1600x1200.jpg
https://maeshima-ami.jp/photos/93674/download,wallpaper_vol.3_Smartphone.jpg
https://maeshima-ami.jp/photos/86397/download,wallpaper_vol.2_1920x1200.jpg
https://maeshima-ami.jp/photos/86396/download,wallpaper_vol.2_1600x1200.jpg
https://maeshima-ami.jp/photos/86395/download,wallpaper_vol.2_Smartphone.jpg
https://maeshima-ami.jp/photos/79055/download,wallpaper_vol.1_1920x1200.jpg
https://maeshima-ami.jp/photos/79054/download,wallpaper_vol.1_1600x1200.jpg
https://maeshima-ami.jp/photos/79056/download,wallpaper_vol.1_Smartphone.jpg
